PosX, PosY, PosZ, NormVecX, NormVecY, NormVecZ,Value, IsRightHand
-0.4,-0.4,-0.3,-0.937678936,-0.345366478,0.038473468,77.47277127,1
-0.4,-0.4,-0.2,-0.734340778,-0.586060429,-0.342456998,74.5216569,1
-0.4,-0.4,-0.1,-0.783928704,-0.614077485,-0.091458349,74.85934675,1
-0.4,-0.4,0,-0.774872293,-0.592823984,0.219391553,73.30877956,1
-0.4,-0.4,0.1,-0.731986209,-0.548066985,0.404745315,72.11044063,1
-0.4,-0.4,0.2,-0.669523095,-0.471462319,0.573987897,71.09741703,1
-0.4,-0.4,0.3,-0.541964949,-0.343797493,0.766861968,70.35406126,1
-0.4,-0.4,0.4,-0.5502107,-0.216051322,0.806591602,68.41534331,1
-0.4,-0.3,-0.3,-0.796247107,-0.501876964,-0.337801803,76.17466073,1
-0.4,-0.3,-0.2,-0.845979692,-0.486589751,-0.218056818,76.94854085,1
-0.4,-0.3,-0.1,-0.865435034,-0.494534305,-0.080361825,75.706214,1
-0.4,-0.3,0,-0.784872569,-0.586399046,0.200277828,75.21841356,1
-0.4,-0.3,0.1,-0.846291585,-0.320699969,0.425372876,73.51233578,1
-0.4,-0.3,0.2,-0.727182334,-0.1865508,0.660609304,71.35743065,1
-0.4,-0.3,0.3,-0.611183398,-0.222927278,0.759446037,69.71983073,1
-0.4,-0.3,0.4,-0.572892284,-0.193793192,0.796391003,68.4938205,1
-0.4,-0.2,-0.3,-0.872784242,-0.183643948,-0.452241714,76.75043155,1
-0.4,-0.2,-0.2,-0.887958179,-0.247684729,-0.38753393,77.73418103,1
-0.4,-0.2,-0.1,-0.935388058,-0.353455613,-0.010877059,77.09343692,1
-0.4,-0.2,0,-0.882600813,-0.39816578,0.249959629,76.55208572,1
-0.4,-0.2,0.1,-0.798938119,-0.36319295,0.479362871,73.64658586,1
-0.4,-0.2,0.2,-0.767029558,-0.081054897,0.636471335,72.64407013,1
-0.4,-0.2,0.3,-0.611946973,-0.269747118,0.743476559,69.52858553,1
-0.4,-0.2,0.4,-0.601500228,-0.106396756,0.791755774,68.34606026,1
-0.4,-0.1,-0.3,-0.826246238,-0.017366095,-0.563041361,78.67507798,1
-0.4,-0.1,-0.2,-0.924803336,0.072820992,-0.373411158,79.34317741,1
-0.4,-0.1,-0.1,-0.997872134,-0.048991497,0.043023694,78.57653996,1
-0.4,-0.1,0,-0.930082689,-0.148202088,0.336128446,77.190074,1
-0.4,-0.1,0.1,-0.870541114,-0.090864561,0.483633952,75.32967162,1
-0.4,-0.1,0.2,-0.828631623,0.154426802,0.538072482,72.69159218,1
-0.4,-0.1,0.3,-0.595813122,0.056334613,0.80114489,70.56759711,1
-0.4,-0.1,0.4,-0.779410368,-0.096772428,0.618994811,67.58541345,1
-0.4,0,-0.3,-0.864092209,0.221937634,-0.451761376,79.48235275,1
-0.4,0,-0.2,-0.942745175,0.243916609,-0.227455979,78.24946231,1
-0.4,0,-0.1,-0.980786903,0.153318412,0.120625516,77.26095845,1
-0.4,0,0,-0.930418629,0.111352161,0.349173124,76.7180304,1
-0.4,0,0.1,-0.84797752,0.186044566,0.496307913,75.47286849,1
-0.4,0,0.2,-0.771933515,0.356779222,0.526143739,74.1561616,1
-0.4,0,0.3,-0.543738504,0.325107356,0.773727114,71.48838682,1
-0.4,0,0.4,-0.574830102,0.398973856,0.714415996,69.58962186,1
-0.4,0.1,-0.3,-0.908034021,0.332552719,-0.254721232,76.27358609,1
-0.4,0.1,-0.2,-0.907981135,0.407822035,-0.096184442,77.15865173,1
-0.4,0.1,-0.1,-0.911528668,0.394174559,0.117225871,76.87612638,1
-0.4,0.1,0,-0.872891045,0.373706479,0.313695219,75.6418994,1
-0.4,0.1,0.1,-0.795660477,0.366151164,0.482553345,74.33725965,1
-0.4,0.1,0.2,-0.70708081,0.471387207,0.527096604,73.68014894,1
-0.4,0.1,0.3,-0.6413497,0.490719551,0.589800716,71.74270613,1
-0.4,0.1,0.4,-0.413017129,0.448360893,0.792710137,69.95755245,1
-0.4,0.2,-0.3,-0.723879245,0.604229783,-0.333024336,77.002405,1
-0.4,0.2,-0.2,-0.770246586,0.627524424,-0.113724643,76.44849135,1
-0.4,0.2,-0.1,-0.813857051,0.571495208,0.105023465,75.24020774,1
-0.4,0.2,0,-0.760296412,0.579726014,0.293030909,74.99228301,1
-0.4,0.2,0.1,-0.695068607,0.534968535,0.480300217,74.08392328,1
-0.4,0.2,0.2,-0.576982711,0.647744742,0.497511508,72.64143065,1
-0.4,0.2,0.3,-0.531626306,0.645640926,0.548198199,71.78567905,1
-0.4,0.2,0.4,-0.536680921,0.503072723,0.677415253,69.78704744,1
-0.3,-0.4,-0.3,-0.867064729,-0.494824871,-0.057854147,78.25376473,1
-0.3,-0.4,-0.2,-0.568270171,-0.740275318,-0.359251257,76.62085647,1
-0.3,-0.4,-0.1,-0.649485608,-0.757001806,-0.071531185,76.58722179,1
-0.3,-0.4,0,-0.580825537,-0.791178569,0.191515447,75.03126026,1
-0.3,-0.4,0.1,-0.611288278,-0.696065485,0.376589275,73.50474499,1
-0.3,-0.4,0.2,-0.467094486,-0.61581737,0.634501149,71.26475277,1
-0.3,-0.4,0.3,-0.310901096,-0.33436533,0.889685526,70.09804867,1
-0.3,-0.4,0.4,-0.372996619,-0.18073032,0.910060478,68.92188094,1
-0.3,-0.3,-0.3,-0.801338447,-0.47112438,-0.368644153,78.46692415,1
-0.3,-0.3,-0.2,-0.749419501,-0.612398772,-0.251670728,78.544398,1
-0.3,-0.3,-0.1,-0.889856619,-0.456240046,-0.000465666,77.24621963,1
-0.3,-0.3,0,-0.723882579,-0.630545284,0.280011886,76.83157302,1
-0.3,-0.3,0.1,-0.69614673,-0.551247411,0.45989784,75.01691486,1
-0.3,-0.3,0.2,-0.65136627,-0.4026378,0.643121127,71.62983072,1
-0.3,-0.3,0.3,-0.492727042,-0.205208974,0.845641377,69.47875039,1
-0.3,-0.3,0.4,-0.382818816,-0.068144926,0.921306693,67.99023767,1
-0.3,-0.2,-0.3,-0.800755538,-0.270331793,-0.534519681,79.89706802,1
-0.3,-0.2,-0.2,-0.904263829,-0.323082117,-0.279150271,80.38461786,1
-0.3,-0.2,-0.1,-0.712778925,-0.700753514,0.029844884,79.61292745,1
-0.3,-0.2,0,-0.790055865,-0.520681308,0.323577974,77.84487275,1
-0.3,-0.2,0.1,-0.701846217,-0.436126662,0.563209927,75.3936431,1
-0.3,-0.2,0.2,-0.566350338,-0.286687419,0.772695035,73.57504546,1
-0.3,-0.2,0.3,-0.361235119,-0.086602804,0.928444475,71.07791025,1
-0.3,-0.2,0.4,-0.578313336,0.173991118,0.797045028,67.8066222,1
-0.3,-0.1,-0.3,-0.830517658,-0.015976681,-0.556763114,81.60125425,1
-0.3,-0.1,-0.2,-0.859266974,-0.041737776,-0.509821758,81.61226072,1
-0.3,-0.1,-0.1,-0.987030316,-0.154390593,-0.043985237,80.94680395,1
-0.3,-0.1,0,-0.89493652,-0.169243009,0.412850372,78.92063192,1
-0.3,-0.1,0.1,-0.808242308,-0.084619844,0.582738238,76.51166991,1
-0.3,-0.1,0.2,-0.791932836,0.104855219,0.601537834,75.59193546,1
-0.3,-0.1,0.3,-0.475057858,0.215173265,0.853241172,70.3082367,1
-0.3,-0.1,0.4,-0.537593492,0.229934566,0.81124801,67.90684081,1
-0.3,0,-0.3,-0.847067753,0.211736846,-0.487487158,82.61914524,1
-0.3,0,-0.2,-0.916071164,0.291575929,-0.27531273,82.35952048,1
-0.3,0,-0.1,-0.996757151,0.079485538,-0.012539162,79.73613478,1
-0.3,0,0,-0.915905271,0.100378267,0.388640885,79.07381161,1
-0.3,0,0.1,-0.813144085,0.220309974,0.538758027,76.98358526,1
-0.3,0,0.2,-0.718617829,0.465390594,0.516720439,74.65721307,1
-0.3,0,0.3,-0.491679701,0.403301831,0.771750416,72.05944813,1
-0.3,0,0.4,-0.520122631,0.414429262,0.746807094,68.56765851,1
-0.3,0.1,-0.3,-0.665479045,0.574425325,-0.476626884,79.49187322,1
-0.3,0.1,-0.2,-0.819636854,0.529690317,-0.218228312,79.89468509,1
-0.3,0.1,-0.1,-0.871984909,0.480690841,0.092620918,78.34007997,1
-0.3,0.1,0,-0.797227249,0.477601578,0.369222758,77.35907595,1
-0.3,0.1,0.1,-0.695368236,0.473236716,0.540841961,76.17177639,1
-0.3,0.1,0.2,-0.60347626,0.60347626,0.521184043,75.16005,1
-0.3,0.1,0.3,-0.55279008,0.53654924,0.637603357,72.2075527,1
-0.3,0.1,0.4,-0.41476385,0.553379445,0.722317201,69.65397877,1
-0.3,0.2,-0.3,-0.622244455,0.676424051,-0.394033428,77.84678175,1
-0.3,0.2,-0.2,-0.703318988,0.697950141,-0.134937027,77.47240208,1
-0.3,0.2,-0.1,-0.722697058,0.686360334,0.081353887,76.9492674,1
-0.3,0.2,0,-0.655438944,0.655438944,0.375232704,76.13220038,1
-0.3,0.2,0.1,-0.577028045,0.66138887,0.479169488,74.71799189,1
-0.3,0.2,0.2,-0.478328575,0.710659597,0.515911534,74.6640171,1
-0.3,0.2,0.3,-0.384033749,0.658881433,0.646833315,71.23200784,1
-0.3,0.2,0.4,-0.425802871,0.65570064,0.623497061,70.48398367,1
-0.2,-0.4,-0.3,-0.524489572,-0.705166581,-0.477127637,77.55934331,1
-0.2,-0.4,-0.2,-0.536995429,-0.789801718,-0.296393581,77.58580128,1
-0.2,-0.4,-0.1,-0.467144004,-0.881480425,0.06905607,76.92277057,1
-0.2,-0.4,0,-0.3215639,-0.907269574,0.27103243,76.38860749,1
-0.2,-0.4,0.1,-0.457253223,-0.755097066,0.469838175,73.77269722,1
-0.2,-0.4,0.2,-0.296061587,-0.614357047,0.731377437,72.32768455,1
-0.2,-0.4,0.3,-0.294267122,-0.345322932,0.891155954,70.3231752,1
-0.2,-0.4,0.4,-0.074038794,-0.18242988,0.980427252,69.71900137,1
-0.2,-0.3,-0.3,-0.369725572,-0.637933275,-0.675532485,79.01942527,1
-0.2,-0.3,-0.2,-0.574423123,-0.673875485,-0.464682586,80.66842889,1
-0.2,-0.3,-0.1,-0.556920407,-0.829386359,-0.044248471,79.62627768,1
-0.2,-0.3,0,-0.496573112,-0.778538917,0.38378679,78.05076062,1
-0.2,-0.3,0.1,-0.498181357,-0.716135701,0.488840457,75.06732511,1
-0.2,-0.3,0.2,-0.355407273,-0.475552814,0.804695713,72.52730804,1
-0.2,-0.3,0.3,-0.333635567,-0.223743734,0.915765281,70.04357558,1
-0.2,-0.3,0.4,-0.211209606,-0.048627328,0.976230447,69.1081478,1
-0.2,-0.2,-0.3,-0.557770433,-0.293951783,-0.776198746,82.11151798,1
-0.2,-0.2,-0.2,-0.756048536,-0.500435844,-0.421846628,82.94968744,1
-0.2,-0.2,-0.1,-0.743753225,-0.668310409,-0.013868571,82.5764201,1
-0.2,-0.2,0,-0.652143668,-0.623384054,0.431394202,81.09418679,1
-0.2,-0.2,0.1,-0.462723509,-0.595182528,0.656996737,77.52979727,1
-0.2,-0.2,0.2,-0.231468331,-0.341770929,0.910832061,73.79018184,1
-0.2,-0.2,0.3,-0.06774136,-0.043838073,0.99673935,70.34842152,1
-0.2,-0.2,0.4,-0.267470447,0.094610557,0.958910007,68.46882045,1
-0.2,-0.1,-0.3,-0.66922217,-0.2301618,-0.706517681,83.32571953,1
-0.2,-0.1,-0.2,-0.839660844,-0.116596635,-0.530447822,86.79948183,1
-0.2,-0.1,-0.1,-0.898509696,-0.427808677,0.098285617,86.04107126,1
-0.2,-0.1,0,-0.788805624,-0.248397925,0.562213624,80.23153328,1
-0.2,-0.1,0.1,-0.665928529,-0.086900014,0.740936962,77.37673763,1
-0.2,-0.1,0.2,-0.53086,-0.001976334,0.847457229,74.95128085,1
-0.2,-0.1,0.3,-0.498707717,0.227466999,0.836390685,71.0697459,1
-0.2,-0.1,0.4,-0.279230637,0.319581886,0.905482009,67.92083035,1
-0.2,0,-0.3,-0.585411171,0.355470382,-0.72865257,83.85710321,1
-0.2,0,-0.2,-0.80711412,0.305019209,-0.505499831,85.36820746,1
-0.2,0,-0.1,-0.940232339,0.157282958,0.302035131,83.64419715,1
-0.2,0,0,-0.713733391,0.196046829,0.672421213,81.89082806,1
-0.2,0,0.1,-0.649684794,0.369870056,0.66415797,77.93678663,1
-0.2,0,0.2,-0.466629457,0.455840337,0.757935708,75.69073952,1
-0.2,0,0.3,-0.296819755,0.434600808,0.850305928,71.03848549,1
-0.2,0,0.4,-0.274931265,0.461698918,0.843354557,69.35524215,1
-0.2,0.1,-0.3,-0.577092822,0.580854836,-0.574083212,81.23549691,1
-0.2,0.1,-0.2,-0.731421358,0.623289042,-0.276647008,81.76122119,1
-0.2,0.1,-0.1,-0.8076773,0.580050076,0.105826692,80.00710645,1
-0.2,0.1,0,-0.539445461,0.58196333,0.608536998,78.7657849,1
-0.2,0.1,0.1,-0.4651869,0.67420669,0.573625738,78.03664235,1
-0.2,0.1,0.2,-0.399107387,0.673855225,0.62179774,75.38789321,1
-0.2,0.1,0.3,-0.368778116,0.59070746,0.717681961,72.58011322,1
-0.2,0.1,0.4,-0.201989496,0.558797289,0.804329431,69.17387685,1
-0.2,0.2,-0.3,-0.469343047,0.762384645,-0.445518527,79.24005833,1
-0.2,0.2,-0.2,-0.526763745,0.806145451,-0.269535655,79.09827892,1
-0.2,0.2,-0.1,-0.576394492,0.812285476,0.089228329,76.87986498,1
-0.2,0.2,0,-0.459832629,0.794256358,0.397128179,77.21215581,1
-0.2,0.2,0.1,-0.398820865,0.817784199,0.41493484,76.95887319,1
-0.2,0.2,0.2,-0.330414126,0.756369686,0.564563019,74.41412171,1
-0.2,0.2,0.3,-0.340067135,0.738738071,0.581910995,73.8436255,1
-0.2,0.2,0.4,-0.184878281,0.662040322,0.726307534,70.553334,1
-0.1,-0.4,-0.3,-0.143251796,-0.768251775,-0.623913563,78.09101627,1
-0.1,-0.4,-0.2,-0.256118639,-0.901021685,-0.350090225,77.34573616,1
-0.1,-0.4,-0.1,-0.26454395,-0.962190826,-0.064848384,76.3058061,1
-0.1,-0.4,0,-0.127713329,-0.918362631,0.374565594,76.46580206,1
-0.1,-0.4,0.1,-0.190994325,-0.684970161,0.703091065,74.40790151,1
-0.1,-0.4,0.2,0.098956102,-0.516638281,0.850466094,74.0075677,1
-0.1,-0.4,0.3,-0.098287016,-0.521937946,0.847301861,72.48053099,1
-0.1,-0.4,0.4,0.052613127,-0.262689291,0.963444962,71.23383059,1
-0.1,-0.3,-0.3,-0.138998956,-0.625911465,-0.767407407,80.79704934,1
-0.1,-0.3,-0.2,-0.206724634,-0.753282163,-0.624364404,82.93133802,1
-0.1,-0.3,-0.1,-0.298917768,-0.951161032,-0.077076964,81.06511632,1
-0.1,-0.3,0,-0.098560023,-0.877589247,0.469172713,77.7271205,1
-0.1,-0.3,0.1,-0.106601729,-0.777965811,0.619197278,76.44333609,1
-0.1,-0.3,0.2,-0.236215944,-0.603984727,0.761186231,73.83326899,1
-0.1,-0.3,0.3,-0.170825273,-0.438376115,0.882408696,72.47454819,1
-0.1,-0.3,0.4,-0.005843907,-0.043092461,0.999053997,69.92964556,1
-0.1,-0.2,-0.3,-0.179245435,-0.575795321,-0.797703468,84.16797748,1
-0.1,-0.2,-0.2,-0.467493189,-0.689806286,-0.55282674,85.97295484,1
-0.1,-0.2,-0.1,-0.449244932,-0.884416738,-0.126435851,86.90521454,1
-0.1,-0.2,0,-0.408246323,-0.551271395,0.727622697,78.57425049,1
-0.1,-0.2,0.1,-0.04921607,-0.69688301,0.715494129,76.84470024,1
-0.1,-0.2,0.2,0.053646412,-0.380515245,0.923217315,75.0598777,1
-0.1,-0.2,0.3,0.052196966,-0.065483466,0.996487527,71.68845468,1
-0.1,-0.2,0.4,0.012269113,0.118567059,0.992870244,69.86733792,1
-0.1,-0.1,-0.3,-0.376840925,-0.004155345,-0.926268671,86.53234496,1
-0.1,-0.1,-0.2,-0.658694818,-0.07187666,-0.748969213,90.17313709,1
-0.1,-0.1,-0.1,-0.558790192,-0.818291498,-0.134731382,88.25737772,1
-0.1,-0.1,0,-0.207062602,-0.965858757,0.155698236,80.95518038,1
-0.1,-0.1,0.1,-0.541351303,-0.093220245,0.8356128,76.48537856,1
-0.1,-0.1,0.2,0.008553332,-0.115332025,0.993290171,72.58196367,1
-0.1,-0.1,0.3,0.160709464,0.232044787,0.959337107,70.86214619,1
-0.1,-0.1,0.4,0.023699004,0.266222288,0.963620283,69.81295768,1
-0.1,0,-0.3,-0.421263362,0.28514934,-0.86094543,86.63648571,1
-0.1,0,-0.2,-0.51256558,0.47140268,-0.717674049,90.51543776,1
-0.1,0,-0.1,-0.813309104,0.562419941,0.149037281,87.10366517,1
-0.1,0,0,-0.339577161,0.585909774,0.735796907,81.57481348,1
-0.1,0,0.1,-0.350742867,0.487218691,0.799748328,78.64944275,1
-0.1,0,0.2,-0.026781445,0.400356824,0.915967886,75.18126696,1
-0.1,0,0.3,-0.00403878,0.339415389,0.940627919,71.81918172,1
-0.1,0,0.4,0.009192554,0.301878949,0.953301944,69.45048807,1
-0.1,0.1,-0.3,-0.394605938,0.627235074,-0.671462817,83.1605844,1
-0.1,0.1,-0.2,-0.453351628,0.706280908,-0.543727488,84.30785267,1
-0.1,0.1,-0.1,-0.436910971,0.859112346,0.266523508,81.07018858,1
-0.1,0.1,0,-0.265232956,0.751646335,0.603886799,80.37270358,1
-0.1,0.1,0.1,-0.200320981,0.735537552,0.647190863,79.88308172,1
-0.1,0.1,0.2,-0.155221646,0.598365093,0.786044182,76.56003041,1
-0.1,0.1,0.3,-0.066543699,0.51892411,0.852226322,72.33797912,1
-0.1,0.1,0.4,0.018375138,0.441230171,0.897205824,69.452844,1
-0.1,0.2,-0.3,-0.265831359,0.829651095,-0.490930493,79.6984547,1
-0.1,0.2,-0.2,-0.328653907,0.917646022,-0.223410802,80.34711198,1
-0.1,0.2,-0.1,-0.286165699,0.943115988,0.169237779,78.12895367,1
-0.1,0.2,0,-0.231821475,0.930695038,0.282958565,77.68385244,1
-0.1,0.2,0.1,-0.217574191,0.885700246,0.410117722,77.15471067,1
-0.1,0.2,0.2,-0.026222178,0.741280794,0.670682623,75.98364582,1
-0.1,0.2,0.3,-0.12377528,0.726753937,0.67565405,72.45822577,1
-0.1,0.2,0.4,-0.042382907,0.642550286,0.765070467,70.42126137,1
0,-0.4,-0.3,0.087208921,-0.733099988,-0.674506495,78.65619063,1
0,-0.4,-0.2,0.14271955,-0.912741305,-0.382798172,79.56106244,1
0,-0.4,-0.1,0.142093421,-0.982448681,-0.120847215,78.21937722,1
0,-0.4,0,0.180625321,-0.887658033,0.423600885,76.23463144,1
0,-0.4,0.1,0.101358078,-0.833751935,0.542756162,74.85503326,1
0,-0.4,0.2,0.220711237,-0.652467524,0.724963916,73.94956114,1
0,-0.4,0.3,0.018316023,-0.487007435,0.87320575,71.48788525,1
0,-0.4,0.4,0.162417944,-0.154774747,0.974507665,70.19814912,1
0,-0.3,-0.3,0.171183127,-0.635517358,-0.752870524,81.46750287,1
0,-0.3,-0.2,0.201863202,-0.882620839,-0.424537044,82.83774567,1
0,-0.3,-0.1,0.263423758,-0.960267918,-0.092159915,81.14639179,1
0,-0.3,0,0.231558801,-0.847619561,0.477411355,78.44853723,1
0,-0.3,0.1,0.231581159,-0.78917463,0.568835275,76.48134001,1
0,-0.3,0.2,-0.089560677,-0.67525907,0.732122991,74.49283175,1
0,-0.3,0.3,0.137582255,-0.42754645,0.893462454,72.61111298,1
0,-0.3,0.4,0.083911003,-0.066284415,0.994266222,69.76548217,1
0,-0.2,-0.3,0.217820839,-0.407824081,-0.886698146,85.39847526,1
0,-0.2,-0.2,0.149083981,-0.669044217,-0.728116613,87.6808045,1
0,-0.2,-0.1,0.20995365,-0.950750266,-0.228020605,88.56991551,1
0,-0.2,0,0.189733132,-0.628131655,0.75462041,78.42430756,1
0,-0.2,0.1,0.30964386,-0.76585248,0.563551825,76.85228787,1
0,-0.2,0.2,0.292392192,-0.466655986,0.834708929,73.11461051,1
0,-0.2,0.3,0.107467477,0.030621486,0.99373692,73.47120848,1
0,-0.2,0.4,0.100542627,0.059283366,0.993164973,72.1249362,1
0,-0.1,-0.3,0.110434533,0.063415894,-0.991858174,87.0430691,1
0,-0.1,-0.2,0.012637164,-0.068793562,-0.997550875,91.0247036,1
0,-0.1,-0.1,0.249759362,-0.501888275,-0.828087206,92.71443434,1
0,-0.1,0,0.161010767,0.022018566,0.986707006,78.61330944,1
0,-0.1,0.1,0.372976701,-0.059416056,0.925936344,76.63846744,1
0,-0.1,0.2,0.478743169,-0.15516577,0.864134574,72.00139186,1
0,-0.1,0.3,0.129289187,0.222740319,0.966266556,73.43282655,1
0,-0.1,0.4,0.125967045,0.209945074,0.969564526,74.18256999,1
0,0,-0.3,0.11648967,0.344073563,-0.931688542,85.84990598,1
0,0,-0.2,0.093106369,0.541522794,-0.835514373,92.61518068,1
0,0,-0.1,0.425573719,0.866384337,-0.261276082,88.68680371,1
0,0,0,-0.059213187,0.572288308,0.817911909,81.00320392,1
0,0,0.1,0.006696306,0.492825878,0.870102186,78.56309758,1
0,0,0.2,0.309028392,0.11662305,0.943875266,73.43148729,1
0,0,0.3,0.283162629,0.088851617,0.954947284,70.80718442,1
0,0,0.4,0.133788327,0.289874708,0.947667314,72.08035529,1
0,0.1,-0.3,-0.015011127,0.687684857,-0.72585412,84.80642553,1
0,0.1,-0.2,0.022462923,0.824152813,-0.565921865,84.95489061,1
0,0.1,-0.1,0.064194517,0.969831009,0.235174144,82.09535404,1
0,0.1,0,0.303390279,0.946555884,0.10948195,82.63853533,1
0,0.1,0.1,0.019811012,0.741704966,0.670433642,79.17937185,1
0,0.1,0.2,0.183313876,0.52234599,0.832796908,76.08377596,1
0,0.1,0.3,0.12128342,0.436620311,0.891433136,72.17228561,1
0,0.1,0.4,0.14844111,0.347017959,0.926036594,70.07422754,1
0,0.2,-0.3,0.02890715,0.862794303,-0.504728014,81.16486526,1
0,0.2,-0.2,0.093926067,0.978396526,-0.184168758,79.38904024,1
0,0.2,-0.1,0.099758104,0.995006639,0.003179387,78.90353515,1
0,0.2,0,0.037327103,0.905665566,0.422346504,78.27649437,1
0,0.2,0.1,0.056632623,0.875724898,0.479477475,77.42477664,1
0,0.2,0.2,0.141709693,0.687708805,0.712021743,74.59260605,1
0,0.2,0.3,0.088106285,0.701863624,0.70684138,73.02966378,1
0,0.2,0.4,0.183640019,0.576217407,0.796398043,70.28288742,1
0.1,-0.4,-0.3,0.365095466,-0.678972503,-0.636947126,78.81638356,1
0.1,-0.4,-0.2,0.341935876,-0.910304205,-0.233294043,79.41726519,1
0.1,-0.4,-0.1,0.558056285,-0.71798023,-0.416025928,79.51422542,1
0.1,-0.4,0,0.432248936,-0.817514292,0.380566998,76.2908389,1
0.1,-0.4,0.1,0.307385492,-0.753789548,0.580788668,75.10139715,1
0.1,-0.4,0.2,0.281842681,-0.682979033,0.673872646,73.41683888,1
0.1,-0.4,0.3,0.202043668,-0.530676424,0.823140869,72.05099766,1
0.1,-0.4,0.4,0.165024931,-0.21272745,0.963075181,68.89660411,1
0.1,-0.3,-0.3,0.471890523,-0.6041812,-0.642093772,80.9331461,1
0.1,-0.3,-0.2,0.502002506,-0.784838517,-0.363348299,82.08314969,1
0.1,-0.3,-0.1,0.512035756,-0.855717342,0.074613771,80.0166283,1
0.1,-0.3,0,0.484957118,-0.768511281,0.417381127,78.77777747,1
0.1,-0.3,0.1,0.323737357,-0.783513283,0.530378223,77.63965033,1
0.1,-0.3,0.2,0.174854035,-0.694430485,0.697991667,74.48405833,1
0.1,-0.3,0.3,0.280046924,-0.453114972,0.846321773,73.22884488,1
0.1,-0.3,0.4,0.361516921,-0.132923084,0.92284179,70.72299245,1
0.1,-0.2,-0.3,0.504022135,-0.276668593,-0.818178573,83.00765269,1
0.1,-0.2,-0.2,0.559231373,-0.563391145,-0.608153508,84.36690963,1
0.1,-0.2,-0.1,0.742045803,-0.670079002,0.019030412,84.21255527,1
0.1,-0.2,0,0.629841758,-0.51562175,0.580890326,79.63447113,1
0.1,-0.2,0.1,0.490952762,-0.600433518,0.63122498,77.66842189,1
0.1,-0.2,0.2,0.107092114,-0.146903309,0.983336513,73.99994788,1
0.1,-0.2,0.3,0.263749241,0.029976542,0.964125378,72.56415734,1
0.1,-0.2,0.4,0.290101678,0.034349951,0.95637916,70.98551142,1
0.1,-0.1,-0.3,0.556974308,0.010499076,-0.830463358,84.6880738,1
0.1,-0.1,-0.2,0.781666381,-0.113940232,-0.613200858,86.43160626,1
0.1,-0.1,-0.1,0.949872393,-0.246722441,-0.192016858,86.93926853,1
0.1,-0.1,0,0.621226498,-0.065708874,0.780871297,79.36724314,1
0.1,-0.1,0.1,0.651786631,-0.271274324,0.708226255,77.39777578,1
0.1,-0.1,0.2,-0.14053042,0.295175248,0.945051731,72.12065139,1
0.1,-0.1,0.3,0.013914972,0.258174489,0.965998088,72.40333015,1
0.1,-0.1,0.4,0.255088781,0.198998514,0.946218424,73.1181033,1
0.1,0,-0.3,0.433107517,0.315845685,-0.844191555,84.81890561,1
0.1,0,-0.2,0.723385241,0.407302125,-0.557511231,86.13215686,1
0.1,0,-0.1,0.675103012,0.734438657,-0.069539789,85.25122555,1
0.1,0,0,0.682316887,0.72674246,-0.079303613,82.85398455,1
0.1,0,0.1,0.736717044,0.111005338,0.667027594,77.80082253,1
0.1,0,0.2,0.42621663,-0.251068234,0.869082347,74.77579579,1
0.1,0,0.3,0.233125011,0.097516345,0.967544982,71.18132556,1
0.1,0,0.4,0.280010553,0.278260487,0.918784627,70.57975579,1
0.1,0.1,-0.3,0.263941054,0.538745409,-0.800055313,83.83993912,1
0.1,0.1,-0.2,0.47032303,0.798465433,-0.375831343,82.72579663,1
0.1,0.1,-0.1,0.498447885,0.813113014,0.300660825,82.13004647,1
0.1,0.1,0,0.540780114,0.750879712,0.379126005,81.39718115,1
0.1,0.1,0.1,0.533480887,0.690570011,0.488376089,78.08175256,1
0.1,0.1,0.2,0.419237888,0.483952461,0.768133848,75.50725744,1
0.1,0.1,0.3,0.331462354,0.411258846,0.849116523,72.91140796,1
0.1,0.1,0.4,0.292258229,0.37359003,0.880349713,70.48781004,1
0.1,0.2,-0.3,0.255139766,0.811364008,-0.525920285,80.09862354,1
0.1,0.2,-0.2,0.462118206,0.871944088,-0.161741372,79.15030518,1
0.1,0.2,-0.1,0.388135754,0.908805668,0.153045399,78.01951456,1
0.1,0.2,0,0.429410412,0.848637177,0.308903933,77.70247951,1
0.1,0.2,0.1,0.417085966,0.80265877,0.426354543,77.31956941,1
0.1,0.2,0.2,0.385367905,0.692234941,0.61016585,74.47548213,1
0.1,0.2,0.3,0.270328118,0.608685829,0.745938516,72.24206981,1
0.1,0.2,0.4,0.28515595,0.469362531,0.835694262,69.82668125,1
0.2,-0.4,-0.3,0.410124939,-0.708604756,-0.574174915,76.42356326,1
0.2,-0.4,-0.2,0.571270056,-0.740535257,-0.353918149,77.15914989,1
0.2,-0.4,-0.1,0.583828069,-0.809826031,-0.057676563,76.2816671,1
0.2,-0.4,0,0.650107807,-0.696544079,0.303621778,74.47086006,1
0.2,-0.4,0.1,0.544369131,-0.750114945,0.37548611,73.67910231,1
0.2,-0.4,0.2,0.472799542,-0.639836507,0.605862887,72.47009428,1
0.2,-0.4,0.3,0.425499375,-0.356870443,0.831621169,70.92911689,1
0.2,-0.4,0.4,0.328069877,-0.137331576,0.934617673,68.9565335,1
0.2,-0.3,-0.3,0.667304192,-0.517323771,-0.53579962,79.63844518,1
0.2,-0.3,-0.2,0.761432456,-0.607145955,-0.227144016,78.45095824,1
0.2,-0.3,-0.1,0.793888976,-0.608002777,-0.008539147,77.13024085,1
0.2,-0.3,0,0.858482239,-0.403009718,0.317161494,76.22571186,1
0.2,-0.3,0.1,0.550333007,-0.555920144,0.62296579,75.53840665,1
0.2,-0.3,0.2,0.426309278,-0.606555078,0.671082214,73.6634887,1
0.2,-0.3,0.3,0.447423047,-0.313405535,0.837609448,71.56139679,1
0.2,-0.3,0.4,0.423886122,-0.104869686,0.899623757,68.87298555,1
0.2,-0.2,-0.3,0.719221248,-0.300088865,-0.626631846,80.82656744,1
0.2,-0.2,-0.2,0.820611819,-0.46866679,-0.327028567,81.29852898,1
0.2,-0.2,-0.1,0.859132091,-0.511697655,-0.007586834,79.27474469,1
0.2,-0.2,0,0.874990588,-0.354234944,0.330013751,78.19924457,1
0.2,-0.2,0.1,0.618264261,-0.499027582,0.607223827,76.55983889,1
0.2,-0.2,0.2,0.554091971,-0.401797687,0.729068383,74.89414253,1
0.2,-0.2,0.3,0.404674237,-0.04966771,0.9131111,71.60050309,1
0.2,-0.2,0.4,0.446965153,0.099434979,0.889007782,70.06782188,1
0.2,-0.1,-0.3,0.727114799,0.028303734,-0.685932189,81.69332549,1
0.2,-0.1,-0.2,0.913113902,-0.054574927,-0.404035368,82.19655419,1
0.2,-0.1,-0.1,0.999042287,-0.038571388,0.020658084,81.4127599,1
0.2,-0.1,0,0.935829505,-0.175667654,0.305555254,79.72792142,1
0.2,-0.1,0.1,0.770508256,-0.423485454,0.476421135,78.3255399,1
0.2,-0.1,0.2,0.547953029,-0.108076923,0.829497955,75.18935243,1
0.2,-0.1,0.3,0.383313524,0.056422642,0.921893285,71.5917099,1
0.2,-0.1,0.4,0.402385651,0.198498279,0.893691346,70.46635528,1
0.2,0,-0.3,0.672819652,0.352695008,-0.650322957,82.34356062,1
0.2,0,-0.2,0.88966522,0.316313362,-0.329304803,82.48070489,1
0.2,0,-0.1,0.968562217,0.248540348,-0.010720406,83.18093641,1
0.2,0,0,0.890316824,0.246121237,0.383093056,79.70578746,1
0.2,0,0.1,0.842283769,0.201528018,0.499944507,78.88789164,1
0.2,0,0.2,0.780557088,-0.364259975,0.507981597,76.05905882,1
0.2,0,0.3,0.389723325,0.224632194,0.893115954,71.69666084,1
0.2,0,0.4,0.38589011,0.259562913,0.885277311,70.05713109,1
0.2,0.1,-0.3,0.608151436,0.60003072,-0.519725857,80.4464816,1
0.2,0.1,-0.2,0.867743083,0.447290249,-0.216687276,80.02623083,1
0.2,0.1,-0.1,0.723337227,0.683353762,0.099049947,80.41572251,1
0.2,0.1,0,0.713530132,0.632364566,0.301645166,79.16702977,1
0.2,0.1,0.1,0.741590774,0.509929331,0.435907331,78.63032947,1
0.2,0.1,0.2,0.536000097,0.343631964,0.771116703,77.84052732,1
0.2,0.1,0.3,0.527752404,0.41118703,0.743237934,72.71886933,1
0.2,0.1,0.4,0.420395905,0.395978971,0.816374876,69.74036709,1
0.2,0.2,-0.3,0.532846303,0.693243915,-0.48527074,78.6668411,1
0.2,0.2,-0.2,0.337995617,0.899734811,-0.276109095,77.99468535,1
0.2,0.2,-0.1,0.610997323,0.786919152,0.086258446,77.23163215,1
0.2,0.2,0,0.651682097,0.738979076,0.170939665,76.92469242,1
0.2,0.2,0.1,0.646569994,0.699059071,0.305390993,76.22353745,1
0.2,0.2,0.2,0.556550735,0.65498828,0.511118022,74.21812574,1
0.2,0.2,0.3,0.485113062,0.597687146,0.638306661,72.36363309,1
0.2,0.2,0.4,0.36788445,0.446716832,0.815539762,70.27574636,1
0.3,-0.4,-0.3,-0.131298954,-0.832301846,-0.538548253,73.51560749,1
0.3,-0.4,-0.2,0.749437479,-0.614159955,-0.247287312,75.67744361,1
0.3,-0.4,-0.1,0.780042879,-0.624034303,0.045981475,75.62726384,1
0.3,-0.4,0,0.751352157,-0.627417781,0.204491721,74.11958192,1
0.3,-0.4,0.1,0.68299655,-0.657700382,0.317719877,72.95915258,1
0.3,-0.4,0.2,0.602144663,-0.609998724,0.515095489,71.84086986,1
0.3,-0.4,0.3,0.584164952,-0.310705184,0.749809041,70.08710763,1
0.3,-0.4,0.4,0.310911607,-0.342002767,0.886773974,68.69090901,1
0.3,-0.3,-0.3,0.734723577,-0.457052125,-0.501282975,76.09547212,1
0.3,-0.3,-0.2,0.815481066,-0.528700888,-0.235512214,77.953039,1
0.3,-0.3,-0.1,0.886146535,-0.455107356,0.087301844,76.59949479,1
0.3,-0.3,0,0.911414874,-0.301812794,0.279699778,75.24583728,1
0.3,-0.3,0.1,0.662027885,-0.427308907,0.615732229,73.34459755,1
0.3,-0.3,0.2,0.561333894,-0.556184042,0.612832417,72.88205232,1
0.3,-0.3,0.3,0.573640811,-0.356082222,0.737659591,70.70663732,1
0.3,-0.3,0.4,0.413977451,-0.165844178,0.895052165,68.97571066,1
0.3,-0.2,-0.3,0.878624902,-0.187143932,-0.439312451,77.99706257,1
0.3,-0.2,-0.2,0.917718206,-0.307259635,-0.251763402,78.68520346,1
0.3,-0.2,-0.1,0.939443061,-0.340778365,0.036288291,77.34699713,1
0.3,-0.2,0,0.926034902,-0.160889353,0.341429314,76.09713995,1
0.3,-0.2,0.1,0.768952628,-0.293926752,0.56773138,74.44514188,1
0.3,-0.2,0.2,0.70622101,0.050037675,0.70622101,72.61649076,1
0.3,-0.2,0.3,0.681088069,-0.006827097,0.732169675,70.91076013,1
0.3,-0.2,0.4,0.557360953,-0.067428189,0.827527769,69.44944952,1
0.3,-0.1,-0.3,0.874997805,0.028322932,-0.483297686,79.18929657,1
0.3,-0.1,-0.2,0.971615002,0.000528655,-0.236567131,79.18301668,1
0.3,-0.1,-0.1,0.999031074,0.03356222,0.028469121,78.84082438,1
0.3,-0.1,0,0.912878016,0.143747308,0.382086952,76.85009521,1
0.3,-0.1,0.1,0.879675452,-0.329878294,0.342565921,76.74770858,1
0.3,-0.1,0.2,0.846226612,-0.35062776,0.401199071,74.72187042,1
0.3,-0.1,0.3,0.737048881,-0.10063552,0.668304899,71.49537048,1
0.3,-0.1,0.4,0.545638392,0.130580128,0.82778474,69.33340933,1
0.3,0,-0.3,0.857255837,0.286121612,-0.428073419,79.55069043,1
0.3,0,-0.2,0.927330351,0.302827391,-0.219895409,79.00821887,1
0.3,0,-0.1,0.933493837,0.347746288,0.087531575,78.78693246,1
0.3,0,0,0.889633065,0.3075859,0.337555808,78.02068188,1
0.3,0,0.1,0.893075039,0.098605864,0.438969087,76.65062101,1
0.3,0,0.2,0.855041527,-0.475753875,0.206306174,76.59077399,1
0.3,0,0.3,0.683998436,0.092707226,0.723568594,72.47730262,1
0.3,0,0.4,0.525233781,0.203090395,0.826367816,69.32859863,1
0.3,0.1,-0.3,0.770843,0.525654952,-0.359844329,77.53515504,1
0.3,0.1,-0.2,0.828702721,0.53532986,-0.163320974,78.20381794,1
0.3,0.1,-0.1,0.828320516,0.550498728,0.104097423,77.65748713,1
0.3,0.1,0,0.769705188,0.556413389,0.312982531,76.3481367,1
0.3,0.1,0.1,0.784743898,0.457334192,0.418356846,75.85278995,1
0.3,0.1,0.2,0.809110537,0.362248835,0.462726614,75.77713569,1
0.3,0.1,0.3,0.704994975,0.359033865,0.611618157,73.30790926,1
0.3,0.1,0.4,0.439022031,0.326599567,0.837013966,70.85867467,1
0.3,0.2,-0.3,0.592133846,0.677253087,-0.436698712,77.32730092,1
0.3,0.2,-0.2,0.725555257,0.668509144,-0.1632945,77.48923916,1
0.3,0.2,-0.1,0.701656444,0.712385136,0.013625439,76.68423234,1
0.3,0.2,0,0.726878275,0.679351618,0.100644684,75.53511659,1
0.3,0.2,0.1,0.74107527,0.614131821,0.271384508,74.6459143,1
0.3,0.2,0.2,0.70274635,0.568717407,0.427443656,74.41003131,1
0.3,0.2,0.3,0.658693342,0.517196254,0.546471514,73.11650495,1
0.3,0.2,0.4,0.354638631,0.388250416,0.85058395,71.63704502,1
0.4,-0.4,-0.3,-0.214403271,-0.947955116,-0.23539825,71.96398494,1
0.4,-0.4,-0.2,0.602430182,-0.778612593,-0.175614081,72.45399143,1
0.4,-0.4,-0.1,0.872786416,-0.484881342,0.055981755,73.55757212,1
0.4,-0.4,0,0.829059948,-0.544070591,0.129022454,72.85534048,1
0.4,-0.4,0.1,0.817273663,-0.494178142,0.296397915,72.63723755,1
0.4,-0.4,0.2,0.752981594,-0.432645356,0.495819236,71.95097647,1
0.4,-0.4,0.3,0.708591331,-0.380325551,0.594349056,68.39800245,1
0.4,-0.4,0.4,0.599740691,-0.134850786,0.788749878,64.39520429,1
0.4,-0.3,-0.3,-0.634394272,-0.390963912,-0.666851653,71.32139198,1
0.4,-0.3,-0.2,0.936851779,-0.151337595,-0.315286657,75.22483708,1
0.4,-0.3,-0.1,0.928676847,-0.348546222,0.126786612,76.30925889,1
0.4,-0.3,0,0.862999291,-0.401395019,0.306780479,75.42556057,1
0.4,-0.3,0.1,0.739366853,-0.551591144,0.386113801,74.07601828,1
0.4,-0.3,0.2,0.69152486,-0.523346014,0.497897899,72.57102216,1
0.4,-0.3,0.3,0.683973465,-0.365869907,0.63112559,69.92975811,1
0.4,-0.3,0.4,0.582206349,-0.2643032,0.768882036,67.33233616,1
0.4,-0.2,-0.3,0.50303685,0.345743984,-0.792095338,74.25504998,1
0.4,-0.2,-0.2,0.904162962,0.326570989,-0.275391953,76.13127197,1
0.4,-0.2,-0.1,0.979857597,-0.199681448,-0.002531481,76.61083377,1
0.4,-0.2,0,0.945815151,-0.180807773,0.269707713,74.75980169,1
0.4,-0.2,0.1,0.857267013,-0.270250543,0.438244123,74.1518875,1
0.4,-0.2,0.2,0.793732598,-0.377707236,0.476786961,72.61693785,1
0.4,-0.2,0.3,0.727201283,-0.262777879,0.634134118,70.39803685,1
0.4,-0.2,0.4,0.61001773,-0.144186009,0.77915901,68.58110218,1
0.4,-0.1,-0.3,0.651737082,0.450404289,-0.610225166,76.82857216,1
0.4,-0.1,-0.2,0.926637211,0.304268935,-0.220825485,76.37316317,1
0.4,-0.1,-0.1,0.946328699,0.305182819,-0.106421048,74.84855832,1
0.4,-0.1,0,0.954821448,0.067088038,0.289508544,75.55371954,1
0.4,-0.1,0.1,0.934975301,-0.078635206,0.345886817,75.6827596,1
0.4,-0.1,0.2,0.873285503,-0.138507143,0.467106199,73.91282209,1
0.4,-0.1,0.3,0.766554385,-0.056097844,0.639724477,71.56849713,1
0.4,-0.1,0.4,0.65018252,0.025352266,0.759354958,69.161295,1
0.4,0,-0.3,0.666549949,0.512014625,-0.541804567,77.30050327,1
0.4,0,-0.2,0.943087652,0.276727598,-0.184411271,76.5485754,1
0.4,0,-0.1,0.957149787,0.281384312,0.068462797,76.5450384,1
0.4,0,0,0.957947325,0.231034355,0.170176525,75.50137288,1
0.4,0,0.1,0.939503603,0.143923956,0.310835767,74.77350658,1
0.4,0,0.2,0.889872087,0.069607772,0.450868524,74.02854934,1
0.4,0,0.3,0.791242243,0.123510984,0.598899616,71.91595646,1
0.4,0,0.4,0.674722295,0.175775686,0.71683522,70.38342427,1
0.4,0.1,-0.3,0.672686996,0.557068919,-0.486997357,77.56518192,1
0.4,0.1,-0.2,0.843681353,0.50369036,-0.18573582,76.78047602,1
0.4,0.1,-0.1,0.85547305,0.517642929,-0.014548491,75.64723315,1
0.4,0.1,0,0.884077853,0.424024801,0.196492539,75.57300172,1
0.4,0.1,0.1,0.908334016,0.281981132,0.308894733,75.14510871,1
0.4,0.1,0.2,0.865228444,0.310288821,0.393828119,73.7036525,1
0.4,0.1,0.3,0.7572253,0.288166295,0.586148473,71.5419864,1
0.4,0.1,0.4,0.679389127,0.270013627,0.6822925,70.1421852,1
0.4,0.2,-0.3,0.561622257,0.659943395,-0.499054261,78.26897039,1
0.4,0.2,-0.2,0.681022538,0.676752804,-0.279667563,76.70629198,1
0.4,0.2,-0.1,0.735715052,0.671970788,-0.084726751,75.75770128,1
0.4,0.2,0,0.742466438,0.669735032,-0.01409171,75.18489258,1
0.4,0.2,0.1,0.789339435,0.599897971,0.130635677,74.03766195,1
0.4,0.2,0.2,0.816444277,0.475542982,0.327532616,73.21069561,1
0.4,0.2,0.3,0.713845787,0.467772118,0.521165461,72.3630071,1
0.4,0.2,0.4,0.659554587,0.369761415,0.654419012,71.34508947,1
